GROUP,PACKAGE,CLASS,INSTRUCTION_MISSED,INSTRUCTION_COVERED,BRANCH_MISSED,BRANCH_COVERED,LINE_MISSED,LINE_COVERED,COMPLEXITY_MISSED,COMPLEXITY_COVERED,METHOD_MISSED,METHOD_COVERED
Object Storage Library,com.example.objectstorage.config,ObjectStorageServiceBuilder,2,359,4,50,0,81,4,42,0,19
Object Storage Library,com.example.objectstorage.config,S3StorageConfig,0,33,0,0,0,6,0,1,0,1
Object Storage Library,com.example.objectstorage.config,GcpStorageConfig,0,21,0,0,0,5,0,1,0,1
Object Storage Library,com.example.objectstorage.config,AzureBlobStorageConfig,0,10,0,0,0,3,0,1,0,1
Object Storage Library,com.example.objectstorage.provider.s3,S3ProviderClient,23,581,7,27,7,147,8,32,1,22
Object Storage Library,com.example.objectstorage.provider.gcp,GcpProviderClient,27,598,11,43,4,121,11,39,0,23
Object Storage Library,com.example.objectstorage.api.response,DeletedObject,7,30,0,0,2,6,1,1,1,1
Object Storage Library,com.example.objectstorage.api.response,RetrievedObject,18,77,0,4,1,16,1,4,1,2
Object Storage Library,com.example.objectstorage.api.response,StorageObjectInfo,0,38,0,2,0,8,0,3,0,2
Object Storage Library,com.example.objectstorage.api.response,StoredObject,0,88,0,2,0,17,0,4,0,3
Object Storage Library,com.example.objectstorage.core,DefaultObjectStorageService.IndexedResult,0,9,0,0,0,1,0,1,0,1
Object Storage Library,com.example.objectstorage.core,ValidationUtils,0,24,1,7,0,6,1,5,0,2
Object Storage Library,com.example.objectstorage.core,DefaultObjectStorageService.ResolvedSaveRequest,0,15,0,0,0,1,0,1,0,1
Object Storage Library,com.example.objectstorage.core,ProviderClient,0,1,0,0,0,1,0,1,0,1
Object Storage Library,com.example.objectstorage.core,DefaultObjectStorageService.ResolvedTarget,0,9,0,0,0,1,0,1,0,1
Object Storage Library,com.example.objectstorage.core,ObjectStorageException,0,9,0,0,0,4,0,2,0,2
Object Storage Library,com.example.objectstorage.core,DefaultObjectStorageService.SaveChunkState,0,39,0,2,0,4,0,5,0,4
Object Storage Library,com.example.objectstorage.core,ProviderClientSupport,0,234,0,6,0,37,0,10,0,7
Object Storage Library,com.example.objectstorage.core,DefaultObjectStorageService,393,2766,43,143,74,530,40,110,2,55
Object Storage Library,com.example.objectstorage.core,DefaultObjectStorageService.ServiceSettings,0,35,0,0,0,2,0,2,0,2
Object Storage Library,com.example.objectstorage.provider.azure,AzureBlobProviderClient,6,502,7,25,0,104,7,30,0,21
Object Storage Library,com.example.objectstorage.api,ObjectStorageService,0,1,0,0,0,1,0,1,0,1
Object Storage Library,com.example.objectstorage.api,StorageProvider,0,21,0,0,0,4,0,1,0,1
Object Storage Library,com.example.objectstorage.api.request,DeleteFileRequest,0,25,0,0,0,5,0,1,0,1
Object Storage Library,com.example.objectstorage.api.request,MoveFileRequest,0,41,0,0,0,7,0,1,0,1
Object Storage Library,com.example.objectstorage.api.request,GetVersionsRequest,0,19,0,0,0,4,0,1,0,1
Object Storage Library,com.example.objectstorage.api.request,UploadFileRequest,18,60,0,4,1,10,1,3,1,1
Object Storage Library,com.example.objectstorage.api.request,ListFilesRequest,0,38,0,4,0,8,0,4,0,2
Object Storage Library,com.example.objectstorage.api.request,CopyFileRequest,0,41,0,0,0,7,0,1,0,1
Object Storage Library,com.example.objectstorage.api.request,GetFileRequest,0,25,0,0,0,5,0,1,0,1
